{
    "Items": [
        {
            "id": "Fs_1001",
            "amount": 8,
            "minSize": 11.800000190734864,
            "maxSize": 20.0
        },
        {
            "id": "Fs_2001",
            "amount": 5,
            "minSize": 42.900001525878909,
            "maxSize": 60.0
        },
        {
            "id": "Fs_3001",
            "amount": 8,
            "minSize": 41.70000076293945,
            "maxSize": 50.0
        }
    ]
}