{
    "Items": [
        {
            "id": "Fs_0002",
            "amount": 3,
            "minSize": 46.20000076293945,
            "maxSize": 60.0
        },
        {
            "id": "Fs_0001",
            "amount": 5,
            "minSize": 11.100000381469727,
            "maxSize": 20.0
        },
        {
            "id": "Fs_0003",
            "amount": 4,
            "minSize": 45.5,
            "maxSize": 45.5
        }
    ]
}