{
    "playerPosition": {
        "x": -2.0157880783081056,
        "y": 0.019999999552965165,
        "z": 1.891692042350769
    },
    "playerRotation": {
        "x": 0.0,
        "y": -0.2999734580516815,
        "z": 0.0,
        "w": -0.9539475440979004
    },
    "playerScale": {
        "x": 1.0,
        "y": 1.0,
        "z": 1.0
    },
    "timeSpeed": 1.0,
    "minute": 10.267101287841797,
    "hour": 17,
    "day": 0,
    "money": 0.0
}