{
    "playerPosition": {
        "x": -0.857991635799408,
        "y": 0.019999999552965165,
        "z": 0.24113206565380097
    },
    "playerRotation": {
        "x": 0.0,
        "y": -0.7046477198600769,
        "z": 0.0,
        "w": -0.7095574140548706
    },
    "playerScale": {
        "x": 1.0,
        "y": 1.0,
        "z": 1.0
    },
    "timeSpeed": 1.0,
    "minute": 56.791465759277347,
    "hour": 16,
    "day": 0,
    "money": 0.0
}