{
    "playerPosition": {
        "x": -2.0157880783081056,
        "y": 0.019999999552965165,
        "z": 1.891692042350769
    },
    "playerRotation": {
        "x": 0.0,
        "y": -0.000002797414708766155,
        "z": 0.0,
        "w": -1.0
    },
    "playerScale": {
        "x": 1.0,
        "y": 1.0,
        "z": 1.0
    },
    "timeSpeed": 1.0,
    "minute": 11.307125091552735,
    "hour": 17,
    "day": 0,
    "money": 0.0
}